{"cameraMode":{"drawMode":0,"name":"Shaded","section":"Shading Mode"},"sceneLighting":true,"audioPlay":false,"sceneViewState":{"showFog":false,"showMaterialUpdate":false,"showSkybox":false,"showFlares":false,"showImageEffects":false,"showParticleSystems":false},"in2DMode":false,"pivot":{"x":-1.4861373901367188,"y":4.327061653137207,"z":7.707248687744141},"rotation":{"x":-0.04587613791227341,"y":0.6872520446777344,"z":-0.04356792941689491,"w":-0.7236629724502564},"size":2.4248886108398439,"orthographic":false}